Guid,Name,CurrencyIsoCode,SBQQ__Active__c,SBQQ__AdvancedCondition__c,SBQQ__ConditionsMet__c,SBQQ__ConfiguratorEvaluationEvent__c,SBQQ__EvaluationEvent__c,SBQQ__EvaluationOrder__c,SBQQ__LookupObject__c,SBQQ__TargetObject__c,PriceRuleExternalID__c,Description__c
03fd5d88-4b85-4114-97d0-a202ecae4af8,Set Subscription Update Type Override to N/A on Quote Line,USD,true,1 AND 2 AND (3 OR 4),Custom,#N/A,On Calculate,701.0,#N/A,Calculator,a85110000008XbuAAE20210325221908Z20210325221903Z,#N/A
047410ca-4ab8-4d55-9d25-348e2d71b48b,Clear Service Discount Approval Required Rollup On Quote,USD,true,#N/A,All,#N/A,After Calculate,12.0,#N/A,Calculator,a85110000008Yb2AAE20211118203820Z20211118203815Z,"Field used in an approval condition on the Services Discount Approval Rule. This rule resets the value if Professional Services are removed from quote, so that a pre-existing discount from a service product is removed will reset this to 0."
06ee174d-f13c-4a6f-aaf0-17d613433321,Set Discount Approval Level To 0 IF Discount Less Than Last Approved Discount+5%,USD,true,#N/A,All,#N/A,After Calculate,310.0,#N/A,Calculator,a85110000008XaXAAU20210311040126Z20210311040122Z,this rule sets the approval discount level to zero (auto Approves Quote Line) when a discount is less than the Approved Discount + 5% AND Discount is less than 40%.
0911f057-08f5-4f7a-a829-14852c7d9a71,Populate Discount Approval Level - Discount Approval Matrix Rundeck Clusters,USD,false,#N/A,All,#N/A,After Calculate,23.0,Discount_Approval_Matrix_Rundeck_Cluster__c,Calculator,a85110000008XkYAAU20210601043343Z20210601043339Z,populates the approval level on the quote line based on approval logic in a separate table.
0a6d512d-5d4b-4d29-9a3f-24241c3ad65f,Populate Qty Increase Line Count Rollup On Quote,USD,true,#N/A,All,#N/A,Before Calculate,200.0,#N/A,Calculator,#N/A,#N/A
0e3c97cf-39b2-4468-81ac-e9280f9f8f4d,Set SBQQ__Billing_Frequency__c value to BillingFrequency__c,USD,true,#N/A,All,#N/A,After Calculate,40.0,#N/A,Calculator,a850t0000002qn9AAA20190528213144Z20190528213143Z,sets the package field Billing Frequency with a custom Billing Frequency field.
0f772193-b1ad-499b-9a75-52653cba05cb,Set Expiration Date to Opp Close Date when discrepancy is noted,USD,true,#N/A,All,#N/A,Before Calculate,60.0,#N/A,Calculator,#N/A,this rule sets the Expiration Date of the Quote to the close date of the opportunity if they don't already match.
0f8973de-3091-4e0f-a4ff-e9dbd7880567,Stamp PD Analytics Quantity,USD,true,#N/A,All,#N/A,After Calculate,180.0,#N/A,Calculator,#N/A,this rule sets a quote level field to tally the quantities of all PD Analytics products on the quote.
0fd3ba6b-c655-47bb-982f-2e9b67f48ae5,Set Silver Services Child Bundle Options Additional Discount %,USD,true,#N/A,Any,#N/A,On Calculate,200.0,#N/A,Calculator,#N/A,#N/A
1142d3eb-3a4c-46b3-a781-c5d9ea9e7201,Set Term Credit to Negative,USD,true,#N/A,All,#N/A,On Calculate,#N/A,#N/A,Calculator,#N/A,#N/A
1168e43a-a6b7-484f-8f90-44bba76ae339,Populate Discount Approval Level - New Business Base,USD,false,#N/A,All,#N/A,After Calculate,21.0,NewBusinessBase__c,Calculator,#N/A,populates the approval level on the quote line based on approval logic in a separate table.
1370a088-7cce-47eb-9f43-a9429f14ce21,Stamp Upgraded Subscription Fields to Quote Line (Silver Gold Services),USD,true,#N/A,All,#N/A,On Initialization,450.0,#N/A,Calculator,a85110000008XZFAA220210226211855Z20210226211850Z,This rule stamps the Net Price field value on the related Upgraded Subscription record on the quote line.
140d6059-30de-4e1a-91be-499dc1a28298,Stamp Max Quantity Of Customer Service Product,USD,true,#N/A,Any,#N/A,Before Calculate,180.0,#N/A,Calculator,#N/A,#N/A
14413d53-b46f-43e7-8e37-75e4efa3f86e,Set Date flag for Alert Rule to TRUE,USD,true,#N/A,All,#N/A,On Initialization,90.0,#N/A,Calculator,#N/A,This rule sets the boolean ExpirationDateisafterStartDate__c to TRUE if it is currently false but the Expiration Date is indeed after the start date.
1547369b-578c-41ba-a0e8-5520c47663ba,Amended & Renewal Quote band-aid,USD,true,#N/A,All,#N/A,On Calculate,10000.0,#N/A,Calculator,#N/A,this rule populates the PD_Data__c on the quote when it is a renewal or amendment.
15a8d209-bdb5-47f8-af2d-862216293139,Set Scope Of Work Doc Needed True,USD,true,1 AND 2 AND 3 AND ( 4 OR 5 ),Custom,#N/A,Before Calculate,500.0,#N/A,Calculator,#N/A,#N/A
165ed002-328e-47fb-85ac-67dfe99fad3e,Populate Quantity Of Tier3 Incident Response on Quote,USD,true,#N/A,All,#N/A,Before Calculate,160.0,#N/A,Calculator,#N/A,Populate Quantity of Professional and CS Professional for PD Advance logic BAESIC-672
188aee21-5a89-4bae-88f2-7c38cafa7bc3,Remove PD.org field on Quote,USD,true,#N/A,All,#N/A,After Calculate,150.0,#N/A,Calculator,#N/A,this rule sets the quote level field PDorg_c to FALSE when PD.org products are not present on the quote.
1895aaa9-90c3-4d5d-9e0a-663de97d988f,Set Amendment Quote Billing Frequency for Non-Annual,USD,true,#N/A,All,#N/A,On Initialization,12.0,#N/A,Calculator,a850t0000002xPNAAY20190823214041Z20190823214038Z,Sets the billing frequency for Amendments to Annual/Non Annual based on the existing quote line billing frequency
1a63ddd1-ac4a-4b93-8ff4-78b3737e1179,Special 50% Promo Discount Authorized - Virtual NOC,USD,true,1 AND 2 AND 3 AND (4 OR 5 OR 6),Custom,#N/A,After Calculate,204.0,#N/A,Calculator,a85110000008SLZAA220200318061558Z20200318061553Z,this rule sets the approval discount level to zero when a Special Use Case discount is authorized (this use case is during the Covid-19 Pandemic) for Virtual NOC and Crisis Management offer.
1e00b1ea-be3c-4724-bf57-b182332cc0fa,Set 100% Discount Approval Required Quote Line Field To 1 (Require Approval),USD,true,1 AND ((4 AND (2 OR 3)) OR (5 AND 6)),Custom,#N/A,On Calculate,100.0,#N/A,Calculator,a85110000008XpxAAE20210803231526Z20210803231521Z,"Field used as an approval condition on the 100% Discount Approval Rule. Sets Quote Line Value to 1 if TRUE, Default 0, to be rolled up to quote. The price conditions have been modified because fml discount from subscription doesn't provide correct value on subscription records for tiered products, while prev_discount does. This rule may be refined if Discount from Subscription field is fixed for tiered products in the future."
1e0548c0-6830-4423-b27f-45e6ff96fb4b,Set Quantity of Primary Base Product,USD,true,#N/A,All,#N/A,Before Calculate,1.0,#N/A,Calculator,#N/A,#N/A
207ed962-ee62-4c76-ac02-27208894081a,Set Payment Term to MSA payment term,USD,true,10 AND 20 AND 50 AND (30 OR 40),Custom,#N/A,After Calculate,600.0,#N/A,Calculator,a85110000008WuVAAU20201006220540Z20201006220536Z,This price rule sets the payment term on the Quote to match the payment term on the Customer contract object if active and the contract type contains MSA or TOS
24c79be9-844c-4e24-a146-2e92dcad7380,Set 100% Discount Approval Required Rollup On Quote,USD,true,#N/A,All,#N/A,After Calculate,10.0,#N/A,Calculator,a85110000008Xq2AAE20210804182057Z20210804182053Z,"Field used in an approval condition on the 100% Discount Approval Rule. Sets Quote Line Value to 1 if TRUE, Default 0, to be rolled up to quote."
25315d68-a669-4834-96c9-4f25a9a42b58,Populate Product Rate plan ID & Rate plan charge ID - Monthly,USD,true,#N/A,All,#N/A,After Calculate,111.0,CPQ_Zuora_Mapping_Monthly__c,Calculator,a85110000008RUPAA220191118212151Z20190920193206Z,this rule uses a lookup table to get the rate plan and rate plan charges for the monthly products on the quote to enable syncing to Zuora.
280fbad3-6cd0-4a1e-a2a8-0554dab4fe24,Stamp Count Of Jeli Line Items Rollup On Quote,USD,true,#N/A,All,#N/A,Before Calculate,68.0,#N/A,Calculator,#N/A,#N/A
2877cc60-9690-4300-a494-cc80272008d6,Small Business Live Call Routing - Evergreen,USD,true,#N/A,All,#N/A,On Initialization,21.0,#N/A,Calculator,#N/A,sets the monthly list price of  Live call routing (LCML-AO-SS-CPQ) to 50 if the quantity of licenses is less than 25.  This is the minimum price this product could be if less than 25.
2a96b1d4-721d-47d8-9546-a8c99661ed0f,Populate Product Rate plan ID & Rate plan charge ID - Annual,USD,true,#N/A,All,#N/A,After Calculate,110.0,CPQ_Zuora_Mapping_Annual__c,Calculator,a850t0000002xNHAAY20190729214742Z20190729214739Z,this rule uses a lookup table to get the rate plan and rate plan charges for the annual products on the quote to enable syncing to Zuora.
2d9b0eb2-85ad-4eba-b84e-10601946f4e9,Stamp Number Of PD Advance Line Items,USD,true,#N/A,Any,#N/A,Before Calculate,170.0,#N/A,Calculator,#N/A,#N/A
2e5d15fb-8f40-4b50-aba7-0571d8701e1d,Set Existing Business Approval Waiver to 1  (Auto Approve),USD,true,#N/A,All,#N/A,On Calculate,1050.0,#N/A,Calculator,a85110000008XZ5AAM20210225095454Z20210225095451Z,Sets 'Existing Business Approval Waiver' field with value of 1 if discount is greater than conditions that would auto approve. This field will then be used in a second Price Rule that will Set Discount Approval Level to 0. This two step process is a preferred solution rather than zeroing out the Discount Approval Level directly. It will be difficult to determine why a discount approval level keeps being set to 0 without it a field that would show this waiver being the cause of a discount approval level being Auto Approved.
2e86fb5c-d140-4176-a344-e0722065e9ae,Set Ship to Address from Ship to Contact,USD,true,#N/A,All,#N/A,On Initialization,110.0,#N/A,Calculator,#N/A,sets the package shipping address field with the shipping contact's address.
33a81dc3-5e53-4df1-9174-9177a20609d8,Set Expert Services Rollup,USD,true,#N/A,All,#N/A,After Calculate,70.0,#N/A,Calculator,a850t0000002xQ1AAI20190911222302Z20190911222300Z,"this rule sets the total quantity of all Expert Service products where Discount Approval Matrix Exempt = False on the quote for use in Approval Rule. If Expert Services Ordered Approval Rule is deactivated, Index Condition 2 may be deleted."
355266b0-d544-48e7-b08f-77a1fd8d859d,Populate Effective Net Price (M2M),USD,false,#N/A,All,#N/A,After Calculate,500.0,#N/A,Calculator,a85110000008RVEAA220200603231023Z20191016202113Z,this rule populates a custom price field to send Zuora the price in the correct format for M2M.
3774da80-839f-430f-89be-421966527f46,Set Gold Services Child Bundle Options Additional Discount %,USD,true,#N/A,Any,#N/A,On Calculate,200.0,#N/A,Calculator,a85110000008Vz0AAE20200818041056Z20200817183241Z,This rule set the additional Discount Percent for Premium Success and Premium Success Plus Child Products in the bundle.
37e734ba-8183-44c7-a9ad-40d99e95103b,Stamp Base Product Count,USD,true,#N/A,All,#N/A,After Calculate,170.0,#N/A,Calculator,#N/A,this rule sets the quantity of base products on the quote level by adding the quantity of all base product quote lines.
3a473b4f-a9c4-4379-84f6-b47b3bf789db,Calculate Line Item Annual TCV (Gold/Silver Services),USD,true,#N/A,All,#N/A,On Calculate,200.0,#N/A,Calculator,a85110000008XOLAA220210112221442Z20210112221435Z,this rule populates a custom Annual TCV field to be used in Premium Success Bundles automation and as required for other price rules.
3a9120ce-a4e1-4134-879c-3e3d4fa93cbc,Set Date flag for Alert Rule to FALSE,USD,true,#N/A,All,#N/A,On Initialization,100.0,#N/A,Calculator,#N/A,This rule sets the boolean ExpirationDateisafterStartDate__c to FALSE if it is currently true but the Expiration Date is indeed before the start date.
3b2c92da-8fdb-4361-b637-410babdc6a8c,Set Ship to Zip from Ship to Contact,USD,true,#N/A,All,#N/A,On Initialization,140.0,#N/A,Calculator,#N/A,sets the package shipping postal code field with the shipping contact's postal code.
3e32d836-9987-42d4-bfe6-0b8810236a32,Set Ship to City from Ship to Contact,USD,true,#N/A,All,#N/A,On Initialization,120.0,#N/A,Calculator,#N/A,sets the package shipping city field with the shipping contact's city.
415561af-5e0a-4428-abf8-0f229998649f,Round 18 character Additional discount to 9 Decimal Places,USD,true,#N/A,All,#N/A,After Calculate,650.0,#N/A,Calculator,#N/A,#N/A
426df93b-eca9-440d-82e2-e1d34becbf88,Set Discount Approval Level to 0 IF Account Level Approved Base Product Discount,USD,true,#N/A,All,#N/A,After Calculate,202.0,#N/A,Calculator,a85110000008Rq6AAE20200124194228Z20200124194226Z,"When the Account Approved Discount >= Base Product Discount, the base product quote line Discount Approval Level is overwritten with a value of 0 (auto approve). This ensures that if a customer has multiple subdomains and an approved base product discount, they can always automatically get the same discount on their base product."
430d846e-16bd-4a22-b44a-8fea0820bfce,Populate Effective Net Price (Rundeck),USD,false,#N/A,All,#N/A,After Calculate,500.0,#N/A,Calculator,a85110000008RVEAA220200603231023Z20191016202113Z,this rule populates a custom price field to send Zuora the price in the correct format.
431e7ef9-0199-4261-ad6e-e35ee4a317f0,Populate Discount Approval Level - Runbook Clusters And Automation Platform Fee,USD,true,10 AND ( 20 OR 30 OR 40 ),Custom,#N/A,After Calculate,23.0,#N/A,Calculator,#N/A,populates the approval level on the quote line based on formula field on the Price Action For Runbook Automation Self Hosted Instances/Clusters and Cloud Automation Platform Fee
44b38296-d2ca-4a31-a92f-41250e28b1b7,Set Invoice to Contact with Bill to Contact,USD,true,#N/A,All,#N/A,On Initialization,50.0,#N/A,Calculator,#N/A,"this rule populates the invoice contact lookup with the bill to contact lookup, but only if the invoice contact is not already populated."
482170df-20a9-4796-894b-adcfa0143fb2,Special 100% Promo Discount Authorized - Covid19 Healthcare Orgs,USD,true,#N/A,All,#N/A,After Calculate,203.0,#N/A,Calculator,a85110000008SLZAA220200318061558Z20200318061553Z,this rule sets the approval discount level to zero when a Special Use Case discount is authorized (this use case is during the Covid-19 Pandemic) for Covid19 Healthcare Orgs.
4badb129-d881-4f61-80f4-0e4afc6ff249,Populate Discount Approval Level - Discount Approval Matrix Rundeck Users,USD,false,#N/A,All,#N/A,After Calculate,22.0,Discount_Approval_Matrix_Rundeck_User__c,Calculator,a85110000008XkTAAU20210601042013Z20210601042007Z,populates the approval level on the quote line based on approval logic in a separate table.
4be9a98a-591d-4dbc-8fc7-2ed011339614,Stamp Max Quantity Of Primary Base Product,USD,true,#N/A,Any,#N/A,Before Calculate,175.0,#N/A,Calculator,#N/A,#N/A
4c3f2166-2e00-498a-bea3-d647988fcdf8,Populate Discount Approval Level - Existing Business Base,USD,false,#N/A,All,#N/A,After Calculate,22.0,ExistingBusinessBase__c,Calculator,#N/A,populates the approval level on the quote line based on approval logic in a separate table.
5293eb00-c054-44ab-b4e7-a7f7f61483f9,Set Billing Frequency to Non-Annualv1 (Upfront),USD,true,1 OR (2 AND 3 AND 4) AND 5 AND 6,Custom,#N/A,On Initialization,12.0,#N/A,Calculator,#N/A,#N/A
52a94725-f738-4bc3-8cfe-2c43aabd1385,Stamp Renewed Subscription Fields to Quote Line,USD,true,#N/A,All,#N/A,On Initialization,450.0,#N/A,Calculator,#N/A,This rule stamps the Renewed Substitute Product Id field value from the related Renewed Subscription record to the quote line.
56d3afdf-ed4f-4859-b8ff-e876d2ae745b,Populate Maximum Discount Approval Level on Quote,USD,true,#N/A,All,#N/A,After Calculate,5000.0,#N/A,Calculator,a850t0000002xKcAAI20190703175821Z20190703175820Z,this rule takes the quote line with the highest level of approval needed and stamps that value on the quote.  this quote level field is used for approval rules.
56e0a121-2cca-4a3f-8720-949365bf5e69,Populate Net Price on Quote Line Editor,USD,true,#N/A,All,#N/A,After Calculate,450.0,#N/A,Calculator,a85110000008WgnAAE20200910170113Z20200910170110Z,This price rules populates the a new Net Price field on the Quote Line Editor
56e9f553-a512-4813-aaa7-d9c635437718,Set Quotes Subsidiary and TaxCompanyCode fields for New Business and Renewals,USD,true,(10 OR 20) AND 30,Custom,#N/A,On Calculate,508.0,#N/A,Calculator,#N/A,#N/A
5a486541-605e-4233-877a-f6289009d781,Special 50% Promo Discount Authorized - Crisis Management,USD,true,1 AND 2 AND 3 AND (4 OR 5 OR 6 OR 7),Custom,#N/A,After Calculate,205.0,#N/A,Calculator,a85110000008SLZAA220200318061558Z20200318061553Z,this rule sets the approval discount level to zero when a Special Use Case discount is authorized (this use case is during the Covid-19 Pandemic) for Crisis Management offer.
5b2d2376-5429-44bc-82c4-cd1dcb263e29,Populate Base Product Discount,USD,true,#N/A,All,#N/A,After Calculate,50.0,#N/A,Calculator,a85110000008RpwAAE20200123211016Z20200123211012Z,#N/A
5d9a94fe-edcc-457a-8af9-2bdbc027f1f8,Set Initial Term value (Days),USD,true,1 OR (2 AND 3 AND 4),Custom,#N/A,After Calculate,15.0,#N/A,Calculator,#N/A,"this rule sets the term value in days when needed.  It uses the start and end dates of the quote, unless it is an amendment that is not an early renewal, in which case it uses the dates from the original contract.  Needed for correct syncing to Zuora."
5e670777-4737-4962-8241-9423ad257373,Flat Fee Support Pricing,USD,true,#N/A,All,#N/A,After Calculate,6000.0,#N/A,Calculator,#N/A,#N/A
5ea0e184-f6ed-417a-a68e-b55599b3fc40,Populate AIOPs Overage Price,USD,true,#N/A,All,#N/A,After Calculate,4000.0,#N/A,Calculator,#N/A,#N/A
601e3b72-2812-46a6-b11d-f56bf7127eb3,Set Subscription Term value,USD,true,#N/A,All,#N/A,After Calculate,11.0,#N/A,Calculator,a850t0000002xPIAAY20190823211757Z20190823211755Z,sets number of days for the given quote.
61f8e469-464e-4d1c-8074-262539134123,Populate Qty Increase Line Count Rollup On Quote (Reversal),USD,true,10 AND ( 20 OR 30 ),Custom,#N/A,Before Calculate,205.0,#N/A,Calculator,#N/A,#N/A
66273d6a-8f84-4910-9edb-a41c6e8ee18d,Stamp OTC As Credit Product List Price,USD,true,#N/A,All,#N/A,Before Calculate,100.0,#N/A,Calculator,#N/A,"This rule populates Credit Product list price with the OTC Quote Header field value. This will be used for the quote line that sets the corresponding Opportunity Product for more accurate ARR calculations. The integration doesn't sync this quote line to Zuora, and will continue to user the OTC Quote Header field value."
6961c8ca-8923-4c60-8461-b644566ed9c9,Set Ship to Country from Ship to Contact,USD,true,#N/A,All,#N/A,On Initialization,150.0,#N/A,Calculator,#N/A,sets the package shipping country field with the shipping contact's country.
6a38d05f-e9a0-4a0b-96ff-ab07ac958463,Stamp Number of Quote LInes,USD,true,#N/A,All,#N/A,After Calculate,1.0,#N/A,Calculator,#N/A,The price stamps the number of Quote lines on the quote. This is field is used to trigger a workflow rule that sets the primary checkbox to TRUE
6b108991-1c1e-4a20-994f-0c26ab87b75d,Set Discount Approval Level To 0 When Competitive Discount Approved,USD,true,#N/A,All,#N/A,After Calculate,300.0,#N/A,Calculator,#N/A,"this rule sets the approval discount level to zero when a competitive discount is authorized, or when the current discount is lower than a previously approved amount for this customer."
6b430437-f9f9-428c-abb7-9c839bd6dfc7,Set Expert Services Rollup,USD,false,#N/A,All,#N/A,On Calculate,70.0,#N/A,Calculator,#N/A,this rule sets the total quantity of all Expert Service products on the quote.
6c0cfbbe-93de-4644-83c2-271ba81f85f6,Prepopulate Start and End Dates for Early Renewals,USD,true,#N/A,All,#N/A,On Initialization,10.0,#N/A,Calculator,a85110000008SROAA220200430215047Z20200430215043Z,#N/A
6fa8d231-176f-444f-bd6a-7538ef4e243e,Populate PDU Discount on Quote,USD,true,#N/A,All,#N/A,On Calculate,190.0,SBQQ__QuoteLine__c,Calculator,#N/A,this rule stamps a quote level field with the highest discount on any PDU product.
6fcc06a4-fb8d-4669-84f9-b6cefeab24a5,Populate Discount Approval Level - Discount Approval Matrix FY26,USD,true,#N/A,All,#N/A,After Calculate,25.0,Discount_Approval_Matrix_FY26__c,Calculator,#N/A,populates the approval level on the quote line based on approval values in a separate table (Custom Object records).
71ba853d-a070-44a3-91ef-52e6581498aa,Populate Effective Net Price,USD,false,#N/A,All,#N/A,After Calculate,500.0,#N/A,Calculator,a85110000008RVEAA220200603231023Z20191016202113Z,this rule populates a custom price field to send Zuora the price in the correct format.
753b4245-1423-4132-bbd1-0e8049a2c608,Do Not Calculate Net Contract Amount,USD,true,#N/A,All,#N/A,After Calculate,10001.0,#N/A,Calculator,a85110000008ZJsAAM20220108003731Z20220108003724Z,The price rule evaluates a number of quote and quote line fields to determine if the Net Contract Amount be set to Zero
75ac0695-8a78-4525-8e74-de0081f6e0a1,Unset Billing Frequency from Non-Annualv1 (Upfront - New Business),USD,false,#N/A,All,#N/A,On Initialization,15.0,#N/A,Calculator,a85110000008XXEAA220210204213825Z20210204213821Z,sets the non-annual checkbox to FALSE when the Multi-Year Billed all Upfront is unchecked for New Business
76c94117-15f6-4a58-90bd-220db4f12465,Set Billing Frequency to Non-Annualv1,USD,true,1 AND 7 AND (4 OR ( 2 AND 3)),Custom,#N/A,After Calculate,12.0,#N/A,Calculator,a850t0000002xPNAAY20190823214041Z20190823214038Z,sets the non-annual checkbox to TRUE when the term is not an even number of years.
78f78776-9d5b-43c8-9009-dcc27619c126,Remove Uplift From 30 day Contract Extension,USD,true,#N/A,All,#N/A,After Calculate,12.0,#N/A,Calculator,#N/A,#N/A
7c36bc6b-5900-4ac4-9572-6c30dec5c898,"Checks the ""Is RunDeck Only"" Box and Uncheck Auto-renew",USD,true,#N/A,All,#N/A,On Initialization,6.0,#N/A,Calculator,a85110000008XhTAAU20210429171755Z20210429171751Z,"This price rule checks the ""Is Rundeck Only"" box when the quote has only Rundeck products"
8156babd-7724-4fdd-8e0d-fa06b0820fdd,Small Business Live Call Routing - Termed,USD,true,#N/A,All,#N/A,On Initialization,20.0,#N/A,Calculator,#N/A,sets the yearly list price of  Live call routing (LCR-AO-SS-CPQ) to 600 if the quantity of licenses is less than 25.  This is the minimum price this product could be if less than 25.
83ffce22-c398-4a86-b2d4-ac291feb953e,Set Partner Discount on Quote Line Based on Value on Quote,USD,true,#N/A,All,#N/A,After Calculate,800.0,#N/A,Calculator,#N/A,#N/A
85789319-e606-4940-ba8b-a9ec21bb6b38,Populate Discount Approval Level - New Business Add-On,USD,false,#N/A,All,#N/A,After Calculate,20.0,NewBusinessAddOn__c,Calculator,#N/A,populates the approval level on the quote line based on approval logic in a separate table.
85b34c96-e511-40ca-a69f-212fbdf24d81,Set Service Discount Approval Required Rollup On Quote,USD,true,( 1 OR 3 ) AND 2,Custom,#N/A,After Calculate,11.0,#N/A,Calculator,a85110000008YBYAA220210929172512Z20210929172507Z,Field used in an approval condition on the Services Discount Approval Rule. Sets ServicesDiscountApprovalLevelRollup__c value to match Max Service Product that is excluded from Standard Discount approvals to match the TotalDiscountCustom__c.
85c6acb0-04af-4342-a162-c9232025aa44,Set Quote Last Discount Tier Upper Bound Populated Checkbox To False,USD,true,#N/A,All,#N/A,Before Calculate,550.0,#N/A,Calculator,#N/A,#N/A
881d167a-ddf5-42c4-9d93-4d6190290100,Discount Approval Level Zero When Discount Null,USD,true,#N/A,All,#N/A,On Initialization,10.0,SBQQ__QuoteLine__c,Calculator,#N/A,"this rule sets all discount approval levels to zero if the discount is not filled out.  This is especially important in the case where there was a discount and an approval level, but was then deleted.  This rule helps the discount approval level go back to zero so we don't send lines for approval that don't need it."
895c2753-47af-4917-9124-4bc3c9ea087a,Populate Effective Net Price (Tiered),USD,false,#N/A,All,#N/A,After Calculate,500.0,#N/A,Calculator,a850t0000002xw1AAA20191015055651Z20191015055647Z,this rule populates a custom price field to send Zuora the price in the correct format for tiered product.
8c1678b8-7894-4073-8e88-47ac33f11506,Set PD.org field on Quote,USD,true,#N/A,All,#N/A,After Calculate,140.0,#N/A,Calculator,#N/A,this rule sets the quote level field PDorg_c to TRUE when PD.org products are present on the quote.
8c282707-ca45-41dc-ae21-1ad5440a2064,"Checks the ""Is RunDeck Only"" Box for Runbook Automation w/ No PagerDuty Products",USD,true,#N/A,All,#N/A,On Initialization,6.0,#N/A,Calculator,#N/A,#N/A
8cfecd5a-416e-43db-b15c-35e9ba976333,Populate Gold/Silver Services Price Fields,USD,true,#N/A,All,#N/A,After Calculate,400.0,#N/A,Calculator,a85110000008WxZAAU20201027173241Z20201027173234Z,this rule populates the Customer Price for Amendedment Premium Success Quote Lines. It utilizes field stamped from the Price Rule - Rollup of Included In Percent Of Total Quote Lines in Premium Success Quote Lines.
8e567d66-e402-45c2-be76-7c833ce7a4a1,Set Auto renew to False When Customer Contract Auto Renew is False or Is Partner,USD,true,(10 AND 20 AND (30 OR 40)) OR 50,Custom,#N/A,After Calculate,602.0,#N/A,Calculator,a85110000008WuVAAU20201006220540Z20201006220536Z,This price rule sets the auto renew on the Quote to false. if the auto renew is false on an active Customer contract object and the contract type contains MSA or TOS
8e662f10-f417-48ba-a698-d5ef03e99662,Set Ship to State from Ship to Contact,USD,true,#N/A,All,#N/A,On Initialization,130.0,#N/A,Calculator,#N/A,sets the package shipping state field with the shipping contact's state.
96c9cc2a-4325-47ad-a311-d6522672f5a8,UnSet Subscription Update Type Override to N/A on Quote Line,USD,true,#N/A,All,#N/A,After Calculate,701.0,#N/A,Calculator,a85110000008XbuAAE20210325221908Z20210325221903Z,#N/A
98420a6a-728a-424c-aa8e-01e08be33488,Stamp Number Of Base Product Line Items,USD,true,#N/A,All,#N/A,After Calculate,170.0,#N/A,Calculator,#N/A,This rule populates the count of base products on the Number Of Base Product Line Items field.
993493d9-3deb-4306-85d2-b709b870f1f6,Set Billing Frequency to Non-Annualv1 (Upfront - New Business),USD,true,#N/A,All,#N/A,On Initialization,12.0,#N/A,Calculator,a85110000008XXEAA220210204213825Z20210204213821Z,sets the non-annual checkbox to TRUE when the  Multi-Year Billed all Upfront is checked for New Business
999b8e7c-26c1-4968-ba93-ed7ef3a6130c,Populate Product Rate plan ID & Rate plan charge ID - Semi Annual,USD,true,#N/A,All,#N/A,After Calculate,120.0,CPQ_Zuora_Mapping_Semi_Annual__c,Calculator,a850t0000002xNbAAI20190804023418Z20190804023417Z,this rule uses a lookup table to get the rate plan and rate plan charges for the semi-annual products on the quote to enable syncing to Zuora.
99e826e5-882a-4621-a20a-7152b16d2b00,Reverse Small Business Live Call Routing - Termed,USD,true,#N/A,All,#N/A,On Initialization,30.0,#N/A,Calculator,#N/A,"sets the yearly list price of Live call routing (LCR-AO-SS-CPQ) to 1,800 if the quantity of licenses is more than 25."
9a75457f-a6fe-4036-8bdc-06c1cffd3507,Populate Discount Approval Level - Existing Business Add-On,USD,false,#N/A,All,#N/A,After Calculate,23.0,ExistingBusinessAddOn__c,Calculator,#N/A,populates the approval level on the quote line based on approval logic in a separate table.
9c6d36f2-cd80-4a6b-82ce-af8c6ab3b646,Reverse Small Business Live Call Routing - Evergreen,USD,true,#N/A,All,#N/A,On Initialization,31.0,#N/A,Calculator,#N/A,sets the monthly list price of Live call routing (LCML-AO-SS-CPQ) to 150 if the quantity of licenses is more than 25.
9f46e99a-8a54-4985-9593-3d132c5900c8,Rollup of Included In Percent Of Total Quote Line Gold/Silver Services,USD,true,#N/A,All,#N/A,After Calculate,100.0,#N/A,Calculator,a85110000008WwqAAE20201022172550Z20201022172542Z,this rule populates a rollup of Included In Percent Of Total Lines in the quote and Populates Include in Percent of Total Quote Line Field for Use in Percent of Total Line Item Amendments without existing Success products.
a0fbc184-49d8-4360-a21b-8503f82ab8eb,Set Level Up Product Qty to Base product Qty,USD,true,#N/A,All,#N/A,Before Calculate,11.0,#N/A,Calculator,#N/A,"this rule sets all Level Up products to be the same quantity as the base product.  This makes sure they match, as this is a business rule."
a1c83103-8bda-464f-a3ed-973ec3c04203,Set Scope Of Work Doc Needed False,USD,true,1 AND (2 OR 3 OR 4),Custom,#N/A,Before Calculate,500.0,#N/A,Calculator,#N/A,#N/A
a317b2d7-4f00-48e1-bbf2-9740fdbaefed,Populate OLI Effective Net Price,USD,true,#N/A,All,#N/A,After Calculate,510.0,#N/A,Calculator,a85110000008SRiAAM20200505193122Z20200505193119Z,This price rule populates the effective net price used to calculate MRR New Contract on the Opportunity line item
a4c27ec8-6b76-46f6-a953-d9623e5ba845,Remove Partner Discount from Renew Quotes,USD,true,#N/A,All,#N/A,On Initialization,1.0,#N/A,Calculator,#N/A,#N/A
a69f62dc-a548-42ae-a1c0-60c433b81c3c,Set Subscription Type Field on Quote to Evergreen,USD,true,#N/A,All,#N/A,After Calculate,2000.0,#N/A,Calculator,#N/A,Populates the Subscription Type to correctly map the subscriptions for the CPQ to Zuora integration.
a807a298-6f70-46d4-8997-5fcdbc7c703d,Populate Expert Services Discount on Quote,USD,true,#N/A,All,#N/A,On Calculate,180.0,SBQQ__QuoteLine__c,Calculator,#N/A,this rule stamps a quote level field with the highest discount on any expert services product.
acb5f686-6ab3-4ecc-9d5e-f3f9c4b38b51,Set Is Partner Quote And Auto Renew Validation Override,USD,true,#N/A,All,#N/A,On Initialization,602.0,#N/A,Calculator,#N/A,#N/A
ae793344-9c77-4bfc-a510-ea69234d1af2,Populate Gold/Silver Services Discount Approval Level,USD,true,2 AND ( 1 OR 3 ),Custom,#N/A,After Calculate,30.0,#N/A,Calculator,a85110000008X5sAAE20201118012310Z20201118012303Z,Sets the quote line level gold/silver services discount approval level
affe9610-891f-41d9-a488-0ef54d458883,Stamp Count Of Jeli Products Rollup On Quote,USD,true,#N/A,All,#N/A,Before Calculate,67.0,#N/A,Calculator,#N/A,#N/A
b048e0f6-436b-43a9-9256-bc009ca805c6,Stamp # Licenses Entitled Rollup On Quote,USD,true,#N/A,All,#N/A,On Initialization,66.0,#N/A,Calculator,a85110000008Xl2AAE20210608205151Z20210608205147Z,Stamps '# Licenses Entitled' Quote Line total on Quote. This will be rolled up to Opportunity for use in multiple Rundeck automations.
b06054fa-aa7d-4f86-8835-438c611b0283,Calculate Unit Discount Amount,USD,true,#N/A,All,#N/A,After Calculate,700.0,#N/A,Calculator,a85110000008X09AAE20201104195219Z20201104195213Z,"This takes the Standard Discount ""Amount"" Field and divides by 12 to show the discount amount monthly."
bad4e919-fb24-4072-9d04-685f1a10843d,Set ZSubscription to NULL when Master Contract is NULL,USD,true,#N/A,All,#N/A,After Calculate,650.0,#N/A,Calculator,a85110000008YAaAAM20210923192625Z20210923192619Z,This price rule sets the ZSubscription to NULL when the master contract field is null
bc5ed2f0-102a-40f9-b9a3-1f7e9fc1cc39,Clear Expert Services Rollup,USD,true,#N/A,All,#N/A,On Calculate,75.0,#N/A,Calculator,a85110000008YD5AAM20211013190412Z20211013190407Z,this rule sets the total quantity of all Expert Service products on the quote after expert service quote line removed.
bd36be01-51b4-4d65-a1ee-1a070c84f836,Populate Discount Approval Level - Discount Approval Rundeck Support & Training,USD,false,#N/A,All,#N/A,After Calculate,24.0,#N/A,Calculator,a85110000008XkdAAE20210601171145Z20210601171139Z,populates the approval level on the quote line based on approval logic in a separate table.
be5f207f-6bae-4b04-b869-27cca384ab16,Populate Quantity Of New Silver Gold on Quote Line (Silver Gold Services),USD,true,#N/A,All,#N/A,On Initialization,150.0,#N/A,Calculator,a85110000008XjEAAU20210519081028Z20210519081021Z,This rule populates QuantityOfNewSilverGold__c with a value of 1 if it's a net new Silver Gold with blank Upgraded Subscription or Renewal Subscription Record. This field will roll up to New Gold Silver Lines Rollup field on the Quote Line Object. This will be used to ensure Annual TCV for multiple products is correctly calculated for amend quotes.
be7959af-e600-4b0a-a563-85c6498a1a3a,Calculate Line Item Total Discount,USD,true,#N/A,All,#N/A,On Calculate,10.0,#N/A,Calculator,a850t0000002xO5AAI20190813174608Z20190813174606Z,this rule populates a custom discount field to be used in Opportunity Product and Subscription WFRs and/or process builders.
bebfe4e2-0990-465e-881a-35e4d2caa714,Populate Gold/Silver Services Quote Line Percent of total - Amendment,USD,true,#N/A,All,#N/A,On Initialization,5.0,Percent_Of_Total_Bundles_Amendment__c,Calculator,a85110000008XD8AAM20201210201127Z20201210201122Z,populates the Percent of Total on the quote line based on Premium Success Bundle Product % breakdown of package price in a separate table.
c0bb0c4b-026d-4115-8bd0-8957b6269fc7,Unset Billing Frequency to Non-Annual and Billed Upfront - RunDeck Only,USD,false,#N/A,All,#N/A,After Calculate,13.0,#N/A,Calculator,a85110000008XhYAAU20210429222056Z20210429215611Z,unsets the non-annual checkbox and Multi Year Billed all Upfront to FALSE for Rundeck only one-year deals
c6992b39-23ca-4fd6-8a5d-0e0ad0a82f04,Set Remove Publicity Clause to True if True on the Customer Contract,USD,true,10 AND 20 AND (30 OR 40),Custom,#N/A,After Calculate,601.0,#N/A,Calculator,a85110000008WuVAAU20201006220540Z20201006220536Z,This price rule sets the remove publicity clause on the Quote to TRUE if true on an active Customer contract object and the contract type contains MSA or TOS
caec0148-5a19-4e59-8ac3-27c1a1a0e23b,Set Quote Last Discount Tier Upper Bound Populated Checkbox To True,USD,true,#N/A,All,#N/A,Before Calculate,555.0,#N/A,Calculator,#N/A,#N/A
cbe97e6c-04f8-4a66-83d8-1758568041ba,Previously Approved Discount on Renew/Amend Quote (Deprecate),USD,false,#N/A,All,#N/A,After Calculate,201.0,#N/A,Calculator,a85110000008Rq1AAE20200124193350Z20200124193345Z,"When the ""Approved Discount %"" field populated from subscription is > Total Discount on the quote line, it modifies Discount Approval Level field to 0."
d0127b1b-66a1-4376-8725-e3d1d7f0a57b,Populate Discount Approval Level - Usage Discount Approval Matrix,USD,true,10 AND ( 20 OR 30 OR 40 ),Custom,#N/A,After Calculate,25.0,Usage_Discount_Approval_FY26__c,Calculator,#N/A,populates the approval level on the quote line based on approval values in a separate table (Custom Object records).
d0cd8a98-315a-4c07-a47d-8df041fe24ba,Populate New Silver Gold Lines Rollup on Quote Line (Silver Gold Services),USD,true,#N/A,All,#N/A,Before Calculate,250.0,#N/A,Calculator,a85110000008XjJAAU20210519085051Z20210519085047Z,This rule populates roll up to New Gold Silver Lines Rollup field using the QuantityOfNewSilverGold__c field on the Quote Line Object. This will be used to ensure Annual TCV for multiple products is correctly calculated for amend quotes with new Silver Gold products.
d82fb2ee-5d19-4f0a-9cd2-068bc74fe381,Set Partner Discount on Service and Support Quote Lines to 0,USD,true,10 AND 20 AND ( 30 OR 40 ) AND 50 AND 60,Custom,#N/A,After Calculate,1800.0,#N/A,Calculator,#N/A,#N/A
d93a9f36-97df-4efd-8c0e-7c3a25d1d9e5,Update Zuora Communication Profile and Invoice template ( New and Renewal),USD,true,10 AND (20 OR 30),Custom,#N/A,On Calculate,507.0,#N/A,Calculator,#N/A,#N/A
db2626be-0fa4-4e34-9364-b5e9b5c35210,Stamp Count Of Rundeck Products Rollup On Quote,USD,true,#N/A,All,#N/A,On Initialization,65.0,#N/A,Calculator,a85110000008XhiAAE20210430185944Z20210430185940Z,Stamps 'Number Of Rundeck Products' field on Quote. This will be rolled up to Opportunity for use in customer emails with activation link automation.
ddf02164-adfd-44f9-baa1-2c9e92abceae,Set Initial Term value (Months),USD,true,#N/A,All,#N/A,After Calculate,15.0,#N/A,Calculator,a85110000008RVOAA220191118204701Z20191016203425Z,"this rule sets the term value in months when needed.  It uses the start and end dates of the quote, unless it is an amendment that is not an early renewal, in which case it uses the dates from the original contract.  Needed for correct syncing to Zuora."
ddff0d64-119c-4a95-bb17-f3aa28dd6711,Populate Quote Line MRR,USD,true,#N/A,All,#N/A,After Calculate,503.0,#N/A,Calculator,a85110000008UWWAA220200717182620Z20200717182614Z,This rule calculates the quote line MRR
df6b17d8-f4c9-4c31-88cb-3cafe159a092,Set OTC to 0,USD,true,#N/A,All,#N/A,On Calculate,#N/A,#N/A,Calculator,#N/A,This price rule sets the term credit to 0 if the user updates it to null
e3c177ba-b243-4d61-bc95-0f7c0545802a,Set Renewal Term and Term Period for Scheduled Renewals,USD,true,#N/A,All,#N/A,After Calculate,502.0,#N/A,Calculator,a85110000008TuHAAU20200707194639Z20200707194636Z,This rule set the Renewal term and term period to match the quoted term and quoted term period when the quote has the scheduled renewal box checked
e45f3816-09c5-4eb3-8129-c89343deec7a,"Update Zuora Communication Profile, Invoice template and Tax Exempt (Existing)",USD,true,#N/A,All,#N/A,On Calculate,506.0,#N/A,Calculator,#N/A,#N/A
e5d2a435-1c35-497b-a937-2624e9c24ff2,Populate Discount Approval Level - Discount Approval Matrix,USD,false,#N/A,All,#N/A,After Calculate,25.0,Discount_Approval_Matrix_FY22__c,Calculator,a85110000008XZ0AAM20210225084940Z20210225084930Z,populates the approval level on the quote line based on approval logic in a separate table.
e6942c80-94a6-4c51-b562-cad78e6b24f0,Populate Approvals Image on Quote Line Editor,USD,true,#N/A,All,#N/A,After Calculate,200.0,#N/A,Calculator,#N/A,this rule sets an image in the QLE that is an easy indicator to the user what discount approval levels are needed for a given quote.
e8b89118-48ed-434d-9a57-a117bac6a903,"Uncheck the ""Is RunDeck Only"" Box when both Pagerduty and Rundeck are quoted",USD,true,(10 AND 20) OR (30 AND 40),Custom,#N/A,On Initialization,6.0,#N/A,Calculator,a85110000008XhTAAU20210429171755Z20210429171751Z,"This price rule unchecks the ""Is Rundeck Only"" box when the quote has both Pagerduty and Rundeck products"
e95954e6-a1eb-4f0c-8ff1-66567dfe811c,Set Existing Business Approval Waiver to 0 (No Auto Approve),USD,true,#N/A,All,#N/A,On Calculate,1000.0,#N/A,Calculator,a85110000008XacAAE20210311044057Z20210311043826Z,Populates Existing Business Approval Waiver field with value of 0 if discount is previously set at 1 and then doesn't meet conditions that would auto approve.
ea5ace91-34c3-41f9-a1fc-40adf322df50,Stamp PD Analytics Sold Field,USD,true,#N/A,All,#N/A,After Calculate,2500.0,#N/A,Calculator,a85110000008RqBAAU20200125015439Z20200125015434Z,#N/A
ea99eabf-4e7b-4339-b58a-2eacd742de36,Set Quantity Of Base Product,USD,true,#N/A,All,#N/A,Before Calculate,1.0,#N/A,Calculator,#N/A,#N/A
ee0c21f6-b001-4493-9f78-4218bf0f7638,Set 100% Discount Approval Required Quote Line Field To 0 (No Approval),USD,true,1 AND ((2 AND 3) OR (4 AND 5)),Custom,#N/A,On Calculate,101.0,#N/A,Calculator,a85110000008YALAA220210921031747Z20210921031740Z,"Field used as an approval condition on the 100% Discount Approval Rule. Sets Quote Line Value to 1 if TRUE, Default 0, to be rolled up to quote. The price conditions have been modified because fml discount from subscription doesn't provide correct value on subscription records for tiered products, while prev_discount does. This rule may be refined if Discount from Subscription field is fixed for tiered products in the future."
ef34467c-8a70-45e3-b49d-35b5f434c05f,Populate Effective Net Price (Gold/Silver Services),USD,true,#N/A,All,#N/A,After Calculate,500.0,#N/A,Calculator,a85110000008X4aAAE20201111232938Z20201111232928Z,"this rule populates a custom price field to send Zuora the price in the correct format for Premium Success and Premium Success Plus Bundled Products. Same PRICE ACTION formula as 'POPULATE EFFECTIVE NET PRICE' rule but without proration as the price is a percent of total price based off of the TCV, hence it is already prorated."
ef3a0009-e6a6-4793-b904-22b1ca2dc62b,Populate Effective Net Price (One-Time Products),USD,false,#N/A,Any,#N/A,After Calculate,500.0,#N/A,Calculator,#N/A,this rule populates a custom price field to send Zuora the price in the correct format for one-time products
f0591ae3-a891-4ec7-8523-bb07add807e9,Set Billing Frequency to Non-Annual and Billed Upfront - RunDeck Only,USD,false,#N/A,All,#N/A,After Calculate,13.0,#N/A,Calculator,a85110000008XhYAAU20210429222056Z20210429215611Z,sets the non-annual checkbox and Multi Year Billed all Upfront to TRUE for Rundeck only multiyear deals
f13b4db9-4a98-4b1a-b272-04428ef61bcc,Stamp Count Of Catalytic Products Rollup On Quote,USD,true,#N/A,All,#N/A,On Initialization;On Calculate,66.0,#N/A,Calculator,#N/A,#N/A
f14bbd02-a627-43a0-af21-97e948cc5f17,Stamp Rate Plan Name for Existing Quote Lines (Amendment),USD,true,#N/A,All,#N/A,On Initialization,11.0,CPQ_Zuora_Mapping_Annual__c,Calculator,#N/A,Stamps the Rate Plan Name for Existing Quote Lines to be used by Summary variable in the next price rule
f7ff5eed-825c-4270-ba70-917f0bc65155,Stamp Count Of Runbook Automation Products Rollup On Quote,USD,true,#N/A,All,#N/A,On Initialization,65.0,#N/A,Calculator,#N/A,#N/A
f8665231-cc3a-44f5-83d0-66c16c5a657d,Set Subscription Type Field on Quote to Termed,USD,true,(1 AND 2) OR 3,Custom,#N/A,After Calculate,2001.0,#N/A,Calculator,a850t0000002xwQAAQ20191029195143Z20191029195142Z,Populates the Subscription Type to correctly map the subscriptions for the CPQ to Zuora integration.
f94cc1f6-738f-4b5f-b085-03219e3c7cef,Switch Term Period,USD,true,#N/A,Any,#N/A,After Calculate,14.0,#N/A,Calculator,a850t0000002xvrAAA20191009173357Z20191009173355Z,this rule sets the highest prorate multiplier from the lines onto the quote.  It also changes the TermPeriod__c field based on whether the term is an even year or a prorated fraction. Used for early renewal quotes.
fb1a2f45-fef0-4d60-8cce-70064e952723,Populate Quantity Of Net New Tier1 Product on Quote,USD,true,#N/A,All,#N/A,Before Calculate,150.0,#N/A,Calculator,#N/A,Populate Quantity of Net New EIM and ECS for Approval logic BAESIC-604
fd466c8c-bf10-43ac-931e-01a712ef8ede,Discount List Price For PD.Org Accounts,USD,true,#N/A,All,#N/A,After Calculate,19.0,#N/A,Calculator,#N/A,Reduces List Price by 40% for Add On Products when PD.Org Base Product is present on the Quote.
feb03d8f-6ce6-4b4f-a092-3bb91bd687bc,Populate Product Rate plan ID & Rate plan charge ID - Quarterly,USD,true,#N/A,All,#N/A,After Calculate,130.0,CPQ_Zuora_Mapping_Quarterly__c,Calculator,a850t0000002xNlAAI20190804025545Z20190804025544Z,this rule uses a lookup table to get the rate plan and rate plan charges for the quarterly products on the quote to enable syncing to Zuora.
ff0870fd-eb6e-44fb-be9f-a8b7b53a9f4f,Populate Discount Approval Level - AI Ops Discount Approval Matrix,USD,false,#N/A,All,#N/A,After Calculate,25.0,AI_Ops_Discount_Approval_Matrix__c,Calculator,#N/A,#N/A
